name,status,salary,pay_basis,position_title
"Cordish, Reed S.",Employee,0,Per Annum,ASSISTANT TO THE PRESIDENT FOR INTERGOVERNMENTAL AND TECHNOLOGY  INITIATIVES
"Cohn, Gary D.",Employee,30000,Per Annum,ASSISTANT TO THE PRESIDENT AND DIRECTOR OF THE NATIONAL ECONOMIC COUNCIL
"Liddell, Christopher P.",Employee,30000,Per Annum,ASSISTANT TO THE PRESIDENT FOR STRATEGIC INITIATIVES
"Blount, Mallory N.",Employee,40000,Per Annum,ASSOCIATE DIRECTOR
"Clemens, Nicholas J.",Employee,40000,Per Annum,WRITER FOR CORRESPONDENCE
"Hennessey, Millicent S.",Employee,40000,Per Annum,STAFF ASSISTANT
"Horning, Daniel M.",Employee,40000,Per Annum,ASSOCIATE DIRECTOR
"Joannou, Thomas W.",Employee,40000,Per Annum,PERSONAL AIDE
"Lataif, Emily P.",Employee,40000,Per Annum,EXECUTIVE ASSISTANT
"MacDonnell, Patrick P.",Employee,40000,Per Annum,RESEARCH ASSISTANT AND EXECUTIVE ASSISTANT
"Walker, Jr., Christopher A.",Employee,40000,Per Annum,ASSOCIATE DIRECTOR
"Cabaniss, Anna K.",Employee,42000,Per Annum,STAFF ASSISTANT
"El_Fakir, Alexander T.",Employee,42000,Per Annum,RESEARCH ANALYST
"Schaffer, Ari B.",Employee,42000,Per Annum,RESEARCH ANALYST
"Sewell, John B.",Employee,42000,Per Annum,STAFF ASSISTANT
"Fama, Jocelyn M.",Employee,42882,Per Annum,INFORMATION  SERVICES OPERATOR
"Ridgway, Mariel H.",Employee,42882,Per Annum,ASSISTANT TO THE EXECUTIVE CLERK
"Rizk, Danielle C.",Employee,42882,Per Annum,RECORDS MANAGEMENT  ANALYST
"Teclu, Segen G.",Employee,42882,Per Annum,INFORMATION  SERVICES OPERATOR
"Horton, Michael J.",Employee,44941,Per Annum,INFORMATION  SERVICES OPERATOR
"Garcia, Eunice",Employee,46088,Per Annum,RECORDS MANAGEMENT  ANALYST
"Moran, Colleen P.",Employee,46088,Per Annum,RECORDS MANAGEMENT  ANALYST
"Munro, Marea L.",Employee,46088,Per Annum,RECORDS MANAGEMENT  ANALYST
"Beley, James P.",Employee,47000,Per Annum,WRITER FOR CORRESPONDENCE
"Braid, Duncan M.",Employee,47000,Per Annum,RESEARCH ASSOCIATE
"Bucci, Kristine A.",Employee,47000,Per Annum,RESEARCH ASSOCIATE
"Callaghan, Christine B.",Employee,47000,Per Annum,RESEARCH ASSOCIATE
"Carroll, III, James W.",Employee,47000,Per Annum,STAFF ASSISTANT
"Cheap, Casey C.",Employee,47000,Per Annum,STAFF ASSISTANT
"Coia, Giovanna T.",Employee,47000,Per Annum,PRESS ASSISTANT
"Conant, Ann M.",Employee,47000,Per Annum,EXECUTIVE ASSISTANT
"Espinoza, Jonathan",Employee,47000,Per Annum,EXECUTIVE ASSISTANT
"Fields, Austin T.",Employee,47000,Per Annum,ASSOCIATE DIRECTOR
"Georges, Eliza B.",Employee,47000,Per Annum,EXECUTIVE ASSISTANT
"Hicks, Catherine F.",Employee,47000,Per Annum,PRESS ASSISTANT
"Hyde, Montana L.",Employee,47000,Per Annum,DIRECTOR OF STUDENT AND CHILDREN'S CORRESPONDENCE
"Johnson, Julia B.",Employee,47000,Per Annum,EXECUTIVE ASSISTANT
"Klingler, McLaurine E.",Employee,47000,Per Annum,EXECUTIVE ASSISTANT
"LeHardy, Anne H.",Employee,47000,Per Annum,PRESS ASSISTANT
"Levell, Leah V.",Employee,47000,Per Annum,COMMUNICATIONS COORDINATOR
"MacInnis, Hannah F.",Employee,47000,Per Annum,PRODUCTION  ASSISTANT
"Mahfouz, Michael D.",Employee,47000,Per Annum,STAFF ASSISTANT
"McAvoy, Ryan P.",Employee,47000,Per Annum,STAFF ASSISTANT
"Mitchelson, William J.",Employee,47000,Per Annum,STAFF ASSISTANT
"Mocarski, Ashley D.",Employee,47000,Per Annum,PRESS ASSISTANT
"Montesi, Janet M.",Employee,47000,Per Annum,EXECUTIVE ASSISTANT
"Murphy, Christine M.",Employee,47000,Per Annum,EXECUTIVE ASSISTANT
"Pedersen, Brittany N.",Employee,47000,Per Annum,STAFF ASSISTANT
"Redle, Alexander J.",Employee,47000,Per Annum,STAFF ASSISTANT
"Saady, Elizabeth A.",Employee,47000,Per Annum,SCHEDULER
"Salvi, Mary E.",Employee,47000,Per Annum,EXECUTIVE ASSISTANT
"Shoemaker, Clay M.",Employee,47000,Per Annum,COMMUNICATIONS ASSISTANT
"Teresa, Tyler C.",Employee,47000,Per Annum,STAFF ASSISTANT
"Uli, Gabriella M.",Employee,47000,Per Annum,EXECUTIVE ASSISTANT
"Veletsis, Alexandra E.",Employee,47000,Per Annum,STAFF ASSISTANT
"Walsh, Brian K.",Employee,47000,Per Annum,RESEARCH ASSOCIATE
"Weiser, Benjamin S.",Employee,47000,Per Annum,EXECUTIVE ASSISTANT
"Zager, Samantha L.","Employee
",47000,Per Annum,STAFF ASSISTANT
"D'Arcangelo, Nicole M.",Employee,47576,Per Annum,INFORMATION  SERVICES OPERATOR
"Jones, Sidney L.",Employee,47576,Per Annum,INFORMATION  SERVICES OPERATOR
"Miraaj_Raza, Sidrah",Employee,47576,Per Annum,INFORMATION  SERVICES OPERATOR
"Kelly, Nijah C.",Employee,49061,Per Annum,INFORMATION  SERVICES OPERATOR
"Poese, Caroline S.",Employee,49394,Per Annum,RECORDS MANAGEMENT  ANALYST
"Czajkowski, Daniel V.",Employee,51000,Per Annum,LEGAL ASSISTANT
"Da Pieve, Lucas E.",Employee,51000,Per Annum,DIRECTOR OF DIGITAL RESPONSE FOR CORRESPONDENCE
"Goyer, IV, James L.",Employee,51000,Per Annum,LEGISLATIVE  ASSISTANT
"Hulse, Elliott Y.",Employee,51000,Per Annum,ASSOCIATE DIRECTOR
"Oberg, Elizabeth A.",Employee,51000,Per Annum,ASSOCIATE DIRECTOR
"Pritchard, Bethany L.",Employee,51000,Per Annum,TRAVEL MANAGER
"Riddaugh, Andrew M.",Employee,51000,Per Annum,TRAVEL MANAGER
"Ross, Tyler E.",Employee,51000,Per Annum,DIRECTOR OF SPECIALTY MEDIA
"Szabo, Thomas G.",Employee,51000,Per Annum,STAFF ASSISTANT
"Rafi, Hina A.",Employee,52035,Per Annum,DEPUTY DIRECTOR FOR INFORMATION  SERVICES
"Jones, Takesha R.",Employee,54338,Per Annum,INFORMATION  SERVICES OPERATOR
"Morgen, Hunter M.",Detailee,54972,Per Annum,DEPUTY DIRECTOR FOR BUY AMERICAN/HIRE  AMERICAN
"Alexander, Monica K.",Employee,56000,Per Annum,EXECUTIVE ASSISTANT
"Chalkey, R Cody J.",Employee,56000,Per Annum,ASSOCIATE DIRECTOR
"Conklin, Hayley C.",Employee,56000,Per Annum,OPERATIONS  MANAGER
"D'Antuono, Hayley L.",Employee,56000,Per Annum,SCHEDULER AND TRIP COORDINATOR
"David, Blandon J.",Employee,56000,Per Annum,STAFF ASSISTANT
"Delaplane, Blake W.",Employee,56000,Per Annum,SPECIAL ASSISTANT
"Fetalvo, Ninio J.",Employee,56000,Per Annum,ASSISTANT PRESS SECRETARY
"Finzer, Mary C.",Employee,56000,Per Annum,STAFF ASSISTANT
"Griswold, Julia C.",Employee,56000,Per Annum,EXECUTIVE ASSISTANT
"Harrison, William B.",Employee,56000,Per Annum,TRIP COORDINATOR
"Henrichs, Joy E.",Employee,56000,Per Annum,OPERATIONS  MANAGER
"Hurley, Carolina L.",Employee,56000,Per Annum,DIRECTOR OF REGIONAL MEDIA
"McCann, Meghan B.",Employee,56000,Per Annum,WEST WING RECEPTIONIST
"Mew, Erin C.",Employee,56000,Per Annum,OPERATIONS  MANAGER
"Michael, Molly A.",Employee,56000,Per Annum,ASSOCIATE DIRECTOR
"Parkinson, Andrew Z.",Employee,56000,Per Annum,ASSOCIATE DIRECTOR
"Porter, Madison F.",Employee,56000,Per Annum,SENIOR WRITER FOR CORRESPONDENCE
"Potter, Caroline J.",Employee,56000,Per Annum,OPERATIONS  MANAGER
"Saunders, Matthew L.",Employee,56000,Per Annum,SPECIAL ASSISTANT
"Stone, Alexandra E.",Employee,56000,Per Annum,FINANCE AND LOGISTICS OFFICER
"Strom, Natalie M.",Employee,56000,Per Annum,ASSISTANT PRESS SECRETARY AND SENIOR WRITER
"Weber, Lauren F.",Employee,56000,Per Annum,STAFF ASSISTANT
"Wilkins, Catherine E.",Employee,56000,Per Annum,DIRECTOR OF PERSONAL CORRESPONDENCE
"Blount, Patricia H.",Employee,61829,Per Annum,RECORDS MANAGEMENT  ANALYST
"Baitel, Rachael",Employee,62000,Per Annum,EXECUTIVE ASSISTANT
"Bis, Justin B.",Employee,62000,Per Annum,DEPUTY ASSOCIATE DIRECTOR
"Boza_Holman,  Sofia M.",Employee,62000,Per Annum,REGIONAL COMMUNICATIONS DIRECTOR
"Castillo, Hannah J.",Employee,62000,Per Annum,OPERATIONS  MANAGER
"Coldiron, Marc W.",Employee,62000,Per Annum,DEPUTY ASSOCIATE DIRECTOR
"Cypher, Catharine D.",Employee,62000,Per Annum,SPECIAL ASSISTANT
"Duke, Hannah A.",Employee,62000,Per Annum,DEPUTY ASSOCIATE DIRECTOR
"Feinberg, Rebecca P.",Employee,62000,Per Annum,DEPUTY ASSOCIATE DIRECTOR
"Forrest, Jordan J.",Employee,62000,Per Annum,SENIOR TRIP COORDINATOR
"Grant, Darby W.",Employee,62000,Per Annum,DIRECTOR OF PRESIDENTIAL  GIFTS
"Henry, John R.",Employee,62000,Per Annum,DIRECTOR OF AGENCY LIAISON FOR CORRESPONDENCE
"Holley, Michael Q.",Employee,62000,Per Annum,SPECIAL PROJECTS MANAGER
"Ilagan, Kelly A.",Employee,62000,Per Annum,DEPUTY ASSOCIATE DIRECTOR
"Magyarits, Caroline S.",Employee,62000,Per Annum,DIRECTOR OF RADIO MEDIA
"McDonald, Michael P.",Employee,62000,Per Annum,DEPUTY ASSOCIATE DIRECTOR
"Moorhead, Jacqueline U.",Employee,62000,Per Annum,RESEARCH ANALYST AND EXECUTIVE ASSISTANT
"Morrall, Kimberly E.",Employee,62000,Per Annum,SENIOR DIRECTOR OF SCHEDULING
"Morrone, Vanessa M.",Employee,62000,Per Annum,ADVISOR TO THE PRESS SECRETARY
"Pursley, Alexa R.",Employee,62000,Per Annum,DEPUTY ASSOCIATE DIRECTOR
"Reese, Christopher M.",Employee,62000,Per Annum,STAFF ASSISTANT
"Scarlett, Brian L.",Employee,62000,Per Annum,DEPUTY ASSOCIATE DIRECTOR
"Slate, Taylor M.",Employee,62000,Per Annum,DEPUTY ASSOCIATE DIRECTOR
"Smith, Cooper J.",Employee,62000,Per Annum,DEPUTY ASSOCIATE DIRECTOR
"Hoang, Vy T.",Employee,62082,Per Annum,RECORDS MANAGEMENT  ANALYST
"Lartey, Solomon D.",Employee,65969,Per Annum,RECORDS MANAGEMENT  ANALYST
"Sass, Joan C.",Employee,65969,Per Annum,INFORMATION  SERVICES OPERATOR
"Edmonds, Anita J.",Employee,66008,Per Annum,ASSISTANT SUPERVISOR FOR CLASSIFICATION
"Sands, Amy P.",Employee,66500,Per Annum,STENOGRAPHER
"Tallman, Jonathan T.",Employee,66500,Per Annum,STENOGRAPHER
"Moorhead, Mari K.",Detailee,66510,Per Annum,ASSISTANT TO THE OFFICE OF AMERICAN INNOVATION
"Paranzino, Anthony M.",Detailee,66510,Per Annum,DIRECTOR OF AGENCY OUTREACH FOR CABINET AFFAIRS
"DeGuzman, Brian K.",Employee,67334,Per Annum,DIRECTOR OF THE WHITE HOUSE SWITCHBOARD
"Claude, Lilia H.",Employee,67801,Per Annum,INFORMATION  SERVICES OPERATOR
"King, Taeshonnda C.",Employee,69100,Per Annum,RECORDS MANAGEMENT  ANALYST
"Mattson, Philip C.",Employee,69634,Per Annum,DIRECTOR OF MAIL ANALYSIS
"Baldwin, Brittany L.",Employee,70000,Per Annum,SPEECHWRITER
"Biddle, Emily K.",Employee,70000,Per Annum,DEPUTY SOCIAL SECRETARY
"Butterfield, Nicholas W.",Employee,70000,Per Annum,ASSISTANT STAFF SECRETARY
"Davis, Sylvia M.",Employee,70000,Per Annum,ASSISTANT STAFF SECRETARY
"Delahoyde, Magdelana A.",Employee,70000,Per Annum,EXECUTIVE ASSISTANT
"Dorr, Kaelan K.",Employee,70000,Per Annum,DIRECTOR OF CONGRESSIONAL COMMUNICATIONS
"Henning, Katherine A.",Employee,70000,Per Annum,DIRECTOR OF BROADCAST MEDIA
"Larimer, Becky S.",Employee,70100,Per Annum,CALLIGRAPHER
"Jackson, Theresa R.",Employee,70629,Per Annum,INFORMATION  SERVICES OPERATOR
"Young, Jr., Reginald D.",Employee,72648,Per Annum,SENIOR RECORDS MANAGEMENT  ANALYST
"Johnson, Linda M.",Employee,74666,Per Annum,INFORMATION  SERVICES OPERATOR
"Trainor, Gregory T.",Employee,76685,Per Annum,DIRECTOR OF SPECIAL PROJECTS FOR CORRESPONDENCE
"Anderson, Alexander J.",Employee,77000,Per Annum,DIRECTOR OF DIGITAL ENGAGEMENT
"
Bonvillian, Marcus D.","
Employee",77000,Per Annum,"
ASSOCIATE DIRECTOR"
"Curry, Catherine E.",Employee,77000,Per Annum,EXECUTIVE ASSISTANT
"Dumbauld, Cassidy M.",Employee,77000,Per Annum,PROJECT MANAGER
"Eason, William J.",Employee,77000,Per Annum,LEAD PRESS REPRESENTATIVE
"Eisner_Poor, Kaitlyn E.",Employee,77000,Per Annum,EXECUTIVE ASSISTANT
"Fisher, Mary_Kathryn",Employee,77000,Per Annum,DEPUTY DIRECTOR OF ADVANCE FOR THE FIRST LADY
"Giuliani, Andrew H.",Employee,77000,Per Annum,ASSOCIATE DIRECTOR
"Gross, Mackenzie A.",Employee,77000,Per Annum,"
ASSOCIATE DIRECTOR"
"Kennedy, Adam R.",Employee,77000,Per Annum,DEPUTY DIRECTOR OF RESEARCH
"Maxwell, Kyle D.",Employee,77000,Per Annum,DEPUTY DIRECTOR OF SCHEDULING
"McKee, Kara L.",Employee,77000,Per Annum,"EDUCATION, WOMEN AND FAMILIES, AND WORKFORCE  POLICY ADVISOR"
"Nasim, Laura F.",Employee,77000,Per Annum,EXECUTIVE ASSISTANT
"Powers, Megan K.",Employee,77000,Per Annum,LEAD PRESS REPRESENTATIVE
"Schechter, Cecilia S.",Employee,77000,Per Annum,SPECIAL ASSISTANT
"Schneider, Vanessa M.",Employee,77000,Per Annum,DEPUTY SOCIAL SECRETARY
"Smith, Lara M.",Employee,77000,Per Annum,EXECUTIVE ASSISTANT
"Stokes, Caroline M.",Employee,77000,Per Annum,ASSOCIATE DIRECTOR
"Sutton, Abraham J.",Employee,77000,Per Annum,ASSOCIATE DIRECTOR
"Walker, Evan J.",Employee,77000,Per Annum,SENIOR DIGITAL STRATEGIST
"Wasserstein, Rebecca L.",Employee,77000,Per Annum,DEPUTY DIRECTOR OF WHITE HOUSE TRAVEL OFFICE
"Millison, Chad L.",Employee,77593,Per Annum,ASSISTANT SUPERVISOR FOR SEARCH AND FILE
"McCormick, Michael J.",Employee,78470,Per Annum,DEPUTY DIRECTOR OF STENOGRAPHY
"Varghese, Elizabeth J.",Employee,79117,Per Annum,SUPERVISOR FOR RECORDS MANAGEMENT  CLASSIFICATION
"Goad, Robert T.",Detailee,79720,Per Annum,EDUCATION ADVISOR
"Pate, Brian  E.",Employee,81680,Per Annum,ASSISTANT TO THE EXECUTIVE CLERK FOR LEGISLATION
"DeGuzman, Jr., Danilo",Employee,82027,Per Annum,PRESIDENTIAL  SUPPORT SPECIALIST
"Samuels, Jr., Wendell A.",Employee,82377,Per Annum,RECORDS MANAGEMENT  INFORMATION  SYSTEMS SPECIALIST
"Barger, Lara R.",Employee,83000,Per Annum,SENIOR DIGITAL STRATEGIST
"Caporale, Justin R.",Employee,83000,Per Annum,LEAD ADVANCE REPRESENTATIVE
"Fwu, Melissa E.",Employee,83000,Per Annum,ASSOCIATE DIRECTOR
"Gabriel, Robert",Employee,83000,Per Annum,SPECIAL ASSISTANT
"Love, Kelly A.",Employee,83000,Per Annum,SENIOR PRESS ASSISTANT
"Luna, Nicholas F.",Employee,83000,Per Annum,LEAD ADVANCE REPRESENTATIVE
"Miller, Benjamin T.",Employee,83000,Per Annum,LEAD ADVANCE REPRESENTATIVE
"Miller, Max L.",Employee,83000,Per Annum,LEAD ADVANCE REPRESENTATIVE
"Salem, Hannah H.",Employee,83000,Per Annum,SENIOR LEAD PRESS REPRESENTATIVE
"Short, Michael C.",Employee,83000,Per Annum,SENIOR PRESS ASSISTANT
"Smith, Ja'Ron K.",Employee,83000,Per Annum,URBAN AFFAIRS AND REVITALIZATION  POLICY ADVISOR
"Law, Matthew J.",Employee,84392,Per Annum,SUPERVISOR FOR SEARCH AND FILE SECTION
"Gallegos, Jonathan S.",Employee,89000,Per Annum,DIRECTOR OF VIDEO IMAGES
"Haltom, Bronwyn A.",Employee,89000,Per Annum,REGIONAL DIRECTOR
"Heilig, Rebecca B.",Employee,89000,Per Annum,ASSOCIATE DIRECTOR
"Hemming, Andrew J.",Employee,89000,Per Annum,ASSOCIATE DIRECTOR
"Henson, Clayton T.",Employee,89000,Per Annum,REGIONAL DIRECTOR
"Jackman, Zoe L.",Employee,89000,Per Annum,DIRECTOR OF WHITE HOUSE INTERNSHIP PROGRAM AND VOLUNTEERS
"Karnes, Katlyn L.",Employee,89000,Per Annum,DIRECTOR OF DIGITAL OPERATIONS
"Latcham, Alexander S.",Employee,89000,Per Annum,REGIONAL DIRECTOR
"Leighton, Rosalyn A.",Employee,89000,Per Annum,REGIONAL DIRECTOR
"Midanek, Thomas H.",Employee,89000,Per Annum,REGIONAL DIRECTOR
"O'Connell, James M.",Employee,89000,Per Annum,REGIONAL DIRECTOR
"Neiman, Wanda M.",Employee,90350,Per Annum,ASSISTANT TO THE EXECUTIVE CLERK
"Williams, Sherman A.",Employee,90350,Per Annum,ASSISTANT TO THE EXECUTIVE CLERK
"Brown, Debra S.",Employee,90828,Per Annum,CALLIGRAPHER
"Dansky Bari, Dominique A.",Employee,92000,Per Annum,DIRECTOR OF STENOGRAPHY
"Andersen, Whitney N.",Employee,94000,Per Annum,DEPUTY DIRECTOR OF OPERATIONS FOR THE WHITE HOUSE MANAGEMENT  OFFICE
"Flynn, Matthew J.",Employee,94000,Per Annum,SENIOR DIRECTOR FOR CABINET AFFAIRS
"Gunn, Ashley L.",Employee,94000,Per Annum,SENIOR DIRECTOR FOR CABINET AFFAIRS
"Haidet, Michael B.",Employee,94000,Per Annum,DIRECTOR OF WHITE HOUSE TRAVEL OFFICE
"Marshall, Michael J.",Employee,94000,Per Annum,DEPUTY DIRECTOR OF CORRESPONDENCE AND DIRECTOR OF WRITERS
"Mullen, Courtney E.",Employee,94000,Per Annum,SPECIAL ASSISTANT
"Rateike, Bradley A.",Employee,94000,Per Annum,DIRECTOR OF CABINET COMMUNICATIONS
"Taylor, Mary E.",Employee,94000,Per Annum,DEPUTY DIRECTOR OF NOMINATIONS
"Trainer, Nicholas A.",Employee,94000,Per Annum,DIRECTOR OF REGIONAL OPERATIONS
"Welden, Anne_Allen",Employee,94000,Per Annum,EXECUTIVE ASSISTANT
"White, Peter J.",Employee,94000,Per Annum,SENIOR POLICY ANALYST
"Keel, Benjamin N.",Detailee,94796,Per Annum,EXECUTIVE DIRECTOR FOR WHITE HOUSE COUNCIL ON NATIVE AMERICAN AFFAIRS
"Ambrosini, Michael J.",Employee,95000,Per Annum,SPECIAL ASSISTANT TO THE PRESIDENT AND DIRECTOR OF THE OFFICE OF THE CHIEF OF STAFF
"Angelson, Alexander J.",Employee,95000,Per Annum,SPECIAL ASSISTANT TO THE PRESIDENT FOR LEGISLATIVE  AFFAIRS
"Hunter, Mallory G.",Employee,95000,Per Annum,SPECIAL ASSISTANT TO THE PRESIDENT AND EXECUTIVE ASSISTANT TO THE CHIEF OF STAFF
"Jarmula, Ryan L.",Employee,95000,Per Annum,SPECIAL ASSISTANT TO THE PRESIDENT AND ADVISOR FOR DEVELOPMENT  AND SPEECHWRITING
"Royer, Theodore M.",Employee,95000,Per Annum,SPECIAL ASSISTANT TO THE PRESIDENT AND SPEECHWRITER
"Westerhout, Madeleine E.",Employee,95000,Per Annum,SPECIAL ASSISTANT TO THE PRESIDENT AND EXECUTIVE ASSISTANT TO THE PRESIDENT
"Zadrozny, John A.",Employee,95000,Per Annum,SPECIAL ASSISTANT TO THE PRESIDENT FOR JUSTICE AND HOMELAND SECURITY POLICY
"Saltaformaggio,  Robert L.",Detailee,97956,Per Annum,ETHICS COUNSEL
"Jones, Crystal B.",Employee,98323,Per Annum,ASSISTANT SUPERVISOR FOR DOCUMENT MANAGEMENT  AND TRACKING UNIT
"Roddick, Gertrude A.",Employee,100981,Per Annum,PRESIDENTIAL  SUPPORT SPECIALIST
"Blair, Patricia A.",Employee,102212,Per Annum,CHIEF CALLIGRAPHER
"Brooke, Mary J.",Employee,107435,Per Annum,SUPERVISOR OF CORRESPONDENCE REVIEW
"Tucker, Phyllis J.",Employee,107435,Per Annum,SUPERVISOR OF COMPUTER ADMINISTRATION FOR RECORDS MANAGEMENT
"Campbell, Frances L.",Employee,113755,Per Annum,SUPERVISOR FOR DOCUMENT MANAGEMENT  AND TRACKING UNIT
"Berkowitz, Avrahm J.",Employee,115000,Per Annum,SPECIAL ASSISTANT TO THE PRESIDENT AND ASSISTANT TO THE SENIOR ADVISOR
"Blase, Brian C.",Employee,115000,Per Annum,SPECIAL ASSISTANT TO THE PRESIDENT FOR ECONOMIC POLICY
"Bock, Caroline E.",Employee,115000,Per Annum,SPECIAL ASSISTANT TO THE PRESIDENT AND ASSOCIATE DIRECTOR OF PRESIDENTIAL  PERSONNEL
"Boney, Virginia M.",Employee,115000,Per Annum,SPECIAL ASSISTANT TO THE PRESIDENT FOR LEGISLATIVE  AFFAIRS
"Bullock, Katja",Employee,115000,Per Annum,SPECIAL ASSISTANT TO THE PRESIDENT AND ASSOCIATE DIRECTOR OF PRESIDENTIAL  PERSONNEL
"Campau, Alexandra P.",Employee,115000,Per Annum,SPECIAL ASSISTANT TO THE PRESIDENT FOR HEALTH POLICY
"Catanzaro, Michael J.",Employee,115000,Per Annum,SPECIAL ASSISTANT TO THE PRESIDENT FOR ECONOMIC POLICY
"Cheung, Steven",Employee,115000,Per Annum,SPECIAL ASSISTANT TO THE PRESIDENT AND DIRECTOR OF SPECIAL COMMUNICATIONS PROJECTS
"Clifton, Patrick A.",Employee,115000,Per Annum,SPECIAL ASSISTANT TO THE PRESIDENT FOR OPERATIONS
"Dolan, Anthony R.",Employee,115000,Per Annum,SPECIAL ASSISTANT TO THE PRESIDENT AND ADVISOR FOR PLANNING
"Doocey, Sean E.",Employee,115000,Per Annum,SPECIAL ASSISTANT TO THE PRESIDENT AND DEPUTY DIRECTOR OF PRESIDENTIAL  PERSONNEL
"Ferre, Helen A.",Employee,115000,Per Annum,SPECIAL ASSISTANT TO THE PRESIDENT AND DIRECTOR OF MEDIA AFFAIRS
"Gray, Alexander B.",Employee,115000,Per Annum,SPECIAL ASSISTANT TO THE PRESIDENT AND DEPUTY DIRECTOR OF TRADE AND MANUFACTURING POLICY
"Gribbin, IV, David J.",Employee,115000,Per Annum,SPECIAL ASSISTANT TO THE PRESIDENT FOR ECONOMIC POLICY
"Grisham, Stephanie A.",Employee,115000,Per Annum,SPECIAL ASSISTANT TO THE PRESIDENT AND DIRECTOR OF COMMUNICATIONS FOR THE FIRST LADY
"Hahn, Julia A.",Employee,115000,Per Annum,SPECIAL ASSISTANT TO THE PRESIDENT AND DEPUTY STRATEGIST
"Henderson, Katherine C.",Employee,115000,Per Annum,SPECIAL ASSISTANT TO THE PRESIDENT AND ASSOCIATE DIRECTOR OF PRESIDENTIAL  PERSONNEL
"Hoelscher, Douglas L.",Employee,115000,Per Annum,SPECIAL ASSISTANT TO THE PRESIDENT AND DEPUTY DIRECTOR OF INTERGOVERNMENTAL AFFAIRS
"Howard, Benjamin R.",Employee,115000,Per Annum,SPECIAL ASSISTANT TO THE PRESIDENT FOR LEGISLATIVE  AFFAIRS
"Jack, Brian T.",Employee,115000,Per Annum,SPECIAL ASSISTANT TO THE PRESIDENT AND DEPUTY DIRECTOR OF POLITICAL AFFAIRS
"Karem, Michael J.",Employee,115000,Per Annum,SPECIAL ASSISTANT TO THE PRESIDENT AND DEPUTY DIRECTOR OF PRESIDENTIAL  ADVANCE
"Kirkland, William H.",Employee,115000,Per Annum,SPECIAL ASSISTANT TO THE PRESIDENT AND DEPUTY DIRECTOR OF INTERGOVERNMENTAL AFFAIRS
"Koh, Grace E.",Employee,115000,Per Annum,SPECIAL ASSISTANT TO THE PRESIDENT FOR ECONOMIC POLICY
"Lai, Joseph G.",Employee,115000,Per Annum,SPECIAL ASSISTANT TO THE PRESIDENT FOR LEGISLATIVE  AFFAIRS
"Lira, Mathew L.",Employee,115000,Per Annum,SPECIAL ASSISTANT TO THE PRESIDENT FOR INNOVATION POLICY AND INITIATIVES
"Locetta, Jennifer R.",Employee,115000,Per Annum,SPECIAL ASSISTANT TO THE PRESIDENT AND ASSOCIATE DIRECTOR OF PRESIDENTIAL  PERSONNEL
"Maguire, Victoria J.",Employee,115000,Per Annum,SPECIAL ASSISTANT TO THE PRESIDENT AND DIRECTOR OF WHITE HOUSE EVENTS AND PRESIDENTIAL  SCHEDULING
"Marquis, Ashley H.",Employee,115000,Per Annum,SPECIAL ASSISTANT TO THE PRESIDENT AND CHIEF OF STAFF OF THE NATIONAL ECONOMIC COUNCIL AND ECONOMIC POLICY
"Matich, Nicholas T.",Employee,115000,Per Annum,SPECIAL ASSISTANT TO THE PRESIDENT AND ASSOCIATE STAFF SECRETARY
"McEntee, II, John D.",Employee,115000,Per Annum,SPECIAL ASSISTANT TO THE PRESIDENT AND PERSONAL AIDE TO THE PRESIDENT
"Meadows, Elizabeth M.",Employee,115000,Per Annum,SPECIAL ASSISTANT TO THE PRESIDENT AND DEPUTY DIRECTOR FOR PRESS ADVANCE
"Niceta, Anna C.",Employee,115000,Per Annum,SPECIAL ASSISTANT TO THE PRESIDENT AND SOCIAL SECRETARY
"Olmem, Andrew J.",Employee,115000,Per Annum,SPECIAL ASSISTANT TO THE PRESIDENT FOR ECONOMIC POLICY
"Pataki, Timothy A.",Employee,115000,Per Annum,SPECIAL ASSISTANT TO THE PRESIDENT FOR LEGISLATIVE  AFFAIRS
"Radano, Margaux M.",Employee,115000,Per Annum,SPECIAL ASSISTANT TO PRESIDENT AND ASSOCIATE DIRECTOR OF PRESIDENTIAL  PERSONNEL
"Roman, Michael A.",Employee,115000,Per Annum,SPECIAL ASSISTANT TO THE PRESIDENT AND DIRECTOR OF SPECIAL PROJECTS AND RESEARCH
"Roscoe, John M.",Employee,115000,Per Annum,SPECIAL ASSISTANT TO THE PRESIDENT AND ASSOCIATE DIRECTOR OF PRESIDENTIAL  PERSONNEL
"Sadler, Kelly J.",Employee,115000,Per Annum,SPECIAL ASSISTANT TO THE PRESIDENT AND DIRECTOR OF MESSAGE STRATEGY
"Sayle, Desiree T.",Employee,115000,Per Annum,SPECIAL ASSISTANT TO THE PRESIDENT AND DIRECTOR OF CORRESPONDENCE
"Scully, Bethany S.",Employee,115000,Per Annum,SPECIAL ASSISTANT TO THE PRESIDENT FOR LEGISLATIVE  AFFAIRS
"Simms, Cynthia B.",Employee,115000,Per Annum,SPECIAL ASSISTANT TO THE PRESIDENT FOR LEGISLATIVE  AFFAIRS
"Sims, Clifton D.",Employee,115000,Per Annum,SPECIAL ASSISTANT TO THE PRESIDENT AND ASSISTANT COMMUNICATIONS DIRECTOR
"Stell, Melinda K.",Employee,115000,Per Annum,SPECIAL ASSISTANT TO THE PRESIDENT AND DIRECTOR OF WHITE HOUSE PERSONNEL
"Surabian, Andrew J.",Employee,115000,Per Annum,SPECIAL ASSISTANT TO THE PRESIDENT AND DEPUTY STRATEGIST
"Tripepi, Timothy G.",Employee,115000,Per Annum,SPECIAL ASSISTANT TO THE PRESIDENT AND DEPUTY CHIEF OF STAFF OF OPERATIONS FOR THE FIRST LADY
"Walters, Lindsay E.",Employee,115000,Per Annum,SPECIAL ASSISTANT TO THE PRESIDENT AND DEPUTY PRESS SECRETARY AND ADVISOR TO THE PRESS SECRETARY
"McCathran, William W.",Employee,116914,Per Annum,ASSISTANT EXECUTIVE CLERK
"Doty, III, George E.",Employee,119000,Per Annum,ASSOCIATE COUNSEL TO THE PRESIDENT
"Epstein, Daniel Z.",Employee,119000,Per Annum,ASSOCIATE COUNSEL TO THE PRESIDENT
"Grieco, Christopher K.",Employee,119000,Per Annum,ASSOCIATE COUNSEL TO THE PRESIDENT
"Luther, Robert",Employee,119000,Per Annum,ASSOCIATE COUNSEL TO THE PRESIDENT
"McCommas, Stuart S.",Employee,119000,Per Annum,DEPUTY ASSOCIATE COUNSEL TO THE PRESIDENT
"McGinley, Michael H.",Employee,119000,Per Annum,ASSOCIATE COUNSEL TO THE PRESIDENT
"Moran, John S.",Employee,119000,Per Annum,ASSOCIATE COUNSEL TO THE PRESIDENT
"Morrell, David M.",Employee,119000,Per Annum,ASSOCIATE COUNSEL TO THE PRESIDENT
"Murray, Claire M.",Employee,119000,Per Annum,ASSOCIATE COUNSEL TO THE PRESIDENT
"Rabbitt, Brian C.",Employee,119000,Per Annum,ASSOCIATE COUNSEL TO THE PRESIDENT
"Walk, John",Employee,119000,Per Annum,ASSOCIATE COUNSEL TO THE PRESIDENT
"Thomas, III, Edwin R.",Employee,119489,Per Annum,ASSISTANT EXECUTIVE CLERK FOR MESSAGES AND EXECUTIVE ACTIONS
"Veprek, Andrew M.",Detailee,127489,Per Annum,IMMIGRATION  ADVISOR
"Bash, John F.",Employee,130000,Per Annum,SPECIAL ASSISTANT TO THE PRESIDENT AND ASSOCIATE COUNSEL TO THE PRESIDENT
"Ellis, Michael J.",Employee,130000,Per Annum,"SPECIAL ASSISTANT TO THE PRESIDENT AND SENIOR ASSOCIATE COUNSEL TO THE PRESIDENT AND DEPUTY LEGAL ADVISOR TO THE NATIONAL
SECURITY COUNCIL"
"Koenig, Andrew D.",Employee,130000,Per Annum,SPECIAL ASSISTANT TO THE PRESIDENT FOR LEGISLATIVE  AFFAIRS
"Mashburn, John K.",Employee,130000,Per Annum,SPECIAL ASSISTANT TO THE PRESIDENT AND DEPUTY CABINET SECRETARY
"Quebral, Dianne K.",Employee,130000,Per Annum,SPECIAL ASSISTANT TO THE PRESIDENT AND DEPUTY DIRECTOR OF THE OFFICE OF PUBLIC LIAISON
"Schouten, Schuyler J.",Employee,130000,Per Annum,SPECIAL ASSISTANT TO THE PRESIDENT AND ASSOCIATE COUNSEL TO THE PRESIDENT
"Talento, Kathryn F.",Employee,130000,Per Annum,SPECIAL ASSISTANT TO THE PRESIDENT FOR HEALTHCARE  POLICY
"Worthington,  Ross P.",Employee,130000,Per Annum,SPECIAL ASSISTANT TO THE PRESIDENT AND ADVISOR FOR STRATEGY AND SPEECHWRITING
"Kunkel, Matthew R.",Detailee,131767,Per Annum,DIRECTOR OF SPECIAL PROJECTS FOR CABINET AFFAIRS
"Raizk, Paul S.",Employee,133410,Per Annum,DEPUTY DIRECTOR AND SENIOR ADVISOR FOR RECORDS MANAGEMENT
"Sherk, James B.",Detailee,136100,Per Annum,LABOR ADVISOR
"Amin, Stacy C.",Employee,140000,Per Annum,SPECIAL ASSISTANT TO THE PRESIDENT AND ASSOCIATE COUNSEL TO THE PRESIDENT
"Augustine, Rene I.",Employee,140000,Per Annum,SPECIAL ASSISTANT TO THE PRESIDENT AND SENIOR ASSOCIATE COUNSEL TO THE PRESIDENT
"Banks, George D.",Employee,140000,Per Annum,SPECIAL ASSISTANT TO THE PRESIDENT FOR ECONOMIC POLICY
"Bash, Zina G.",Employee,140000,Per Annum,"SPECIAL ASSISTANT TO THE PRESIDENT FOR REGULATORY  REFORM, LEGAL AND IMMIGRATION  POLICY"
"Block, Monica J.",Employee,140000,Per Annum,SPECIAL ASSISTANT TO THE PRESIDENT AND DEPUTY DIRECTOR OF WHITE HOUSE MANAGEMENT  AND ADMINISTRATION
"Burnham, James M.",Employee,140000,Per Annum,SPECIAL ASSISTANT TO THE PRESIDENT AND ASSOCIATE COUNSEL TO THE PRESIDENT
"Carroll, Jr., James W.",Employee,140000,Per Annum,SPECIAL ASSISTANT TO THE PRESIDENT AND SENIOR COUNSEL TO THE PRESIDENT
"Dhillon, Uttam A.",Employee,140000,Per Annum,SPECIAL ASSISTANT TO THE PRESIDENT AND DEPUTY COUNSEL TO THE PRESIDENT
"Gast, Scott F.",Employee,140000,Per Annum,SPECIAL ASSISTANT TO THE PRESIDENT AND SENIOR ASSOCIATE COUNSEL TO THE PRESIDENT
"Haley, Vincent M.",Employee,140000,Per Annum,SPECIAL ASSISTANT TO THE PRESIDENT AND ADVISOR FOR STRATEGY AND SPEECHWRITING
"Knight, Shahira E.",Employee,140000,Per Annum,SPECIAL ASSISTANT TO THE PRESIDENT FOR ECONOMIC POLICY
"Korn, Jennifer S.",Employee,140000,Per Annum,SPECIAL ASSISTANT TO THE PRESIDENT AND DEPUTY DIRECTOR OF THE OFFICE OF PUBLIC LIAISON
"Marshall, Kirk R.",Employee,140000,Per Annum,SPECIAL ASSISTANT TO THE PRESIDENT AND DIRECTOR OF ORGANIZATIONAL STRUCTURE AND HUMAN CAPITAL
"Radford, Julie T.",Employee,140000,Per Annum,SPECIAL ASSISTANT TO THE PRESIDENT AND CHIEF OF STAFF FOR ECONOMIC INITIATIVES
"Schultz, James D.",Employee,140000,Per Annum,SPECIAL ASSISTANT TO THE PRESIDENT AND SENIOR ASSOCIATE COUNSEL TO THE PRESIDENT
"Teller, Paul S.",Employee,140000,Per Annum,SPECIAL ASSISTANT TO THE PRESIDENT FOR LEGISLATIVE  AFFAIRS
"Toner, Jana C.",Detailee,149337,Per Annum,ASSOCIATE DIRECTOR OF PRESIDENTIAL  PERSONNEL
"Droege, Philip C.",Employee,153730,Per Annum,DIRECTOR OF RECORDS MANAGEMENT
"Kalbaugh, David E.",Employee,153730,Per Annum,EXECUTIVE CLERK
"Ditto, Jessica E.",Employee,155000,Per Annum,DEPUTY ASSISTANT TO THE PRESIDENT AND DEPUTY DIRECTOR OF COMMUNICATIONS
"Donaldson, Ann M.",Employee,155000,Per Annum,DEPUTY ASSISTANT TO THE PRESIDENT AND SPECIAL COUNSEL TO THE PRESIDENT AND CHIEF OF STAFF TO THE WHITE HOUSE COUNSEL
"Gorka, Sebastian L.",Employee,155000,Per Annum,DEPUTY ASSISTANT TO THE PRESIDENT AND STRATEGIST
"Greenstein, Ira A.",Employee,155000,Per Annum,DEPUTY ASSISTANT TO THE PRESIDENT AND STRATEGIST
"Hudson, Hope R.",Employee,155000,Per Annum,DEPUTY ASSISTANT TO THE PRESIDENT AND CHIEF OF STAFF TO THE SENIOR COUNSELOR
"Meyer, Joyce Y.",Employee,155000,Per Annum,DEPUTY ASSISTANT TO THE PRESIDENT FOR LEGISLATIVE  AFFAIRS AND HOUSE DEPUTY DIRECTOR
"Raffel, Joshua H.",Employee,155000,Per Annum,DEPUTY ASSISTANT TO THE PRESIDENT AND COMMUNICATIONS ADVISOR
"Shah, Raj S.",Employee,155000,Per Annum,DEPUTY ASSISTANT TO THE PRESIDENT AND DEPUTY DIRECTOR OF COMMUNICATIONS AND DIRECTOR OF RESEARCH
"Swonger, Amy H.",Employee,155000,Per Annum,DEPUTY ASSISTANT TO THE PRESIDENT FOR LEGISLATIVE  AFFAIRS AND SENATE DEPUTY DIRECTOR
"Winfree, Paul L.",Employee,155000,Per Annum,DEPUTY ASSISTANT TO THE PRESIDENT AND DEPUTY DIRECTOR OF THE DOMESTIC POLICY COUNCIL AND DIRECTOR OF BUDGET POLICY
"Harkins, Michael W.",Detailee,158123,Per Annum,SENIOR POLICY ANALYST
"Simms, Michelle C.",Detailee,158123,Per Annum,ETHICS  COUNSEL
"Coniglio, Peter J.",Detailee,161900,Per Annum,ASSOCIATE COUNSEL TO THE PRESIDENT
"LaVerghetta, Dino L.",Detailee,161900,Per Annum,ASSOCIATE COUNSEL TO THE PRESIDENT
"Mabry, Sandra S.",Detailee,161900,Per Annum,ETHICS COUNSEL
"Rinat, Ory S.",Detailee,161900,Per Annum,INTERIM CHIEF DIGITAL OFFICER
"Wetmore, David H.",Detailee,161900,Per Annum,IMMIGRATION  ADVISOR
"Cairncross, Sean S.",Employee,165000,Per Annum,DEPUTY ASSISTANT TO THE PRESIDENT AND SENIOR ADVISOR TO THE CHIEF OF STAFF
"Clark, Justin R.",Employee,165000,Per Annum,DEPUTY ASSISTANT TO THE PRESIDENT AND DIRECTOR OF INTERGOVERNMENTAL AFFAIRS
"Delrahim, Makan",Employee,165000,Per Annum,DEPUTY ASSISTANT TO THE PRESIDENT AND DEPUTY COUNSEL TO THE PRESIDENT
"Diaz_Rosillo, Carlos E.",Employee,165000,Per Annum,DEPUTY ASSISTANT TO THE PRESIDENT AND DIRECTOR OF POLICY AND INTERAGENCY  COORDINATION
"Eisenberg, John A.  ",Employee,165000,Per Annum,DEPUTY ASSISTANT TO THE PRESIDENT AND DEPUTY COUNSEL TO THE PRESIDENT FOR NATIONAL SECURITY AFFAIRS AND LEGAL ADVISOR TO THE NATIONAL SECURITY COUNCIL
"Eissenstat, Everett H. ",Employee,165000,Per Annum,DEPUTY ASSISTANT TO THE PRESIDENT AND DEPUTY DIRECTOR OF THE NATIONAL ECONOMIC COUNCIL AND INTERNATIONAL  ECONOMIC AFFAIRS
"Gigicos, George D.",Employee,165000,Per Annum,DEPUTY ASSISTANT TO THE PRESIDENT AND DIRECTOR OF PRESIDENTIAL  ADVANCE
"Katsas, Gregory G.",Employee,165000,Per Annum,DEPUTY ASSISTANT TO THE PRESIDENT AND DEPUTY COUNSEL TO THE PRESIDENT
"Katz, Jeremy L.",Employee,165000,Per Annum,DEPUTY ASSISTANT TO THE PRESIDENT AND DEPUTY DIRECTOR OF THE NATIONAL ECONOMIC COUNCIL AND ECONOMIC POLICY
"Kelly, Marcia L.  ",Employee,165000,Per Annum,DEPUTY ASSISTANT TO THE PRESIDENT AND DIRECTOR OF WHITE HOUSE MANAGEMENT  AND ADMINISTRATION AND DIRECTOR OF THE OFFICE OF ADMINISTRATION
"Lyons, Derek S.",Employee,165000,Per Annum,DEPUTY ASSISTANT TO THE PRESIDENT AND DEPUTY STAFF SECRETARY
"McGinley, William J.",Employee,165000,Per Annum,DEPUTY ASSISTANT TO THE PRESIDENT AND CABINET SECRETARY
"Munisteri, Stephen P.",Employee,165000,Per Annum,DEPUTY ASSISTANT TO THE PRESIDENT AND PRINCIPAL DEPUTY DIRECTOR OF THE OFFICE OF PUBLIC LIAISON
"Navarro, Peter K.",Employee,165000,Per Annum,DEPUTY ASSISTANT TO THE PRESIDENT AND DIRECTOR OF TRADE AND MANUFACTURING POLICY
"Passantino, Stefan C.",Employee,165000,Per Annum,DEPUTY ASSISTANT TO THE PRESIDENT AND DEPUTY COUNSEL TO THE PRESIDENT
"Sanders, Sarah H.",Employee,165000,Per Annum,DEPUTY ASSISTANT TO THE PRESIDENT AND PRINCIPAL DEPUTY PRESS SECRETARY
"Schiller, Keith W.",Employee,165000,Per Annum,DEPUTY ASSISTANT TO THE PRESIDENT AND DIRECTOR OF OVAL OFFICE OPERATIONS
"Stepien, William",Employee,165000,Per Annum,DEPUTY ASSISTANT TO THE PRESIDENT AND DIRECTOR OF POLITICAL AFFAIRS
"Bannon, Stephen K.",Employee,179700,Per Annum,ASSISTANT TO THE PRESIDENT AND CHIEF STRATEGIST AND SENIOR COUNSELOR
"Bossert, Thomas P.",Employee,179700,Per Annum,ASSISTANT TO THE PRESIDENT FOR HOMELAND SECURITY AND COUNTERTERRORISM
"Bremberg, Andrew P.",Employee,179700,Per Annum,ASSISTANT TO THE PRESIDENT AND DIRECTOR OF THE DOMESTIC POLICY COUNCIL
"Conway, Kellyanne E.",Employee,179700,Per Annum,ASSISTANT TO THE PRESIDENT AND SENIOR COUNSELOR
"Dearborn, Ricky A.",Employee,179700,Per Annum,"ASSISTANT TO THE PRESIDENT AND DEPUTY CHIEF OF STAFF FOR LEGISLATIVE,  CABINET, INTERGOVERNMENTAL AFFAIRS AND IMPLEMENTATION"
"DeStefano, John J.",Employee,179700,Per Annum,ASSISTANT TO THE PRESIDENT AND DIRECTOR OF PRESIDENTIAL  PERSONNEL
"Greenblatt, Jason D.",Employee,179700,Per Annum,ASSISTANT TO THE PRESIDENT AND SPECIAL REPRESENTATIVE FOR INTERNATIONAL  NEGOTIATIONS
"Hagin, Joseph W.",Employee,179700,Per Annum,ASSISTANT TO THE PRESIDENT AND DEPUTY CHIEF OF STAFF FOR OPERATIONS
"Hicks, Hope C.",Employee,179700,Per Annum,ASSISTANT TO THE PRESIDENT AND DIRECTOR OF STRATEGIC COMMUNICATIONS
"Kellogg, Jr., Joseph K.",Employee,179700,Per Annum,ASSISTANT TO THE PRESIDENT AND EXECUTIVE SECRETARY AND CHIEF OF STAFF FOR THE NATIONAL SECURITY COUNCIL
"Manigault, Omarosa O.",Employee,179700,Per Annum,ASSISTANT TO THE PRESIDENT AND DIRECTOR OF COMMUNICATIONS FOR THE OFFICE OF PUBLIC LIAISON
"McFarland, Kathleen T.",Employee,179700,Per Annum,ASSISTANT TO THE PRESIDENT AND DEPUTY NATIONAL SECURITY ADVISOR
"McGahn, II, Donald F.",Employee,179700,Per Annum,ASSISTANT TO THE PRESIDENT AND COUNSEL TO THE PRESIDENT
"Miller, Stephen",Employee,179700,Per Annum,ASSISTANT TO THE PRESIDENT AND SENIOR ADVISOR FOR POLICY
"Porter, Robert R.",Employee,179700,Per Annum,ASSISTANT TO THE PRESIDENT AND WHITE HOUSE STAFF SECRETARY
"Powell, Dina H.",Employee,179700,Per Annum,ASSISTANT TO THE PRESIDENT AND DEPUTY NATIONAL SECURITY ADVISOR FOR STRATEGY
"Priebus, Reinhold R.",Employee,179700,Per Annum,ASSISTANT TO THE PRESIDENT AND CHIEF OF STAFF
"Reynolds, Lindsay B.",Employee,179700,Per Annum,ASSISTANT TO THE PRESIDENT AND CHIEF OF STAFF TO THE FIRST LADY
"Scavino, Daniel J.",Employee,179700,Per Annum,ASSISTANT TO THE PRESIDENT AND DIRECTOR OF SOCIAL MEDIA
"Short, Marc T.",Employee,179700,Per Annum,ASSISTANT TO THE PRESIDENT AND DIRECTOR OF THE OFFICE OF LEGISLATIVE  AFFAIRS
"Sifakis, George A.",Employee,179700,Per Annum,ASSISTANT TO THE PRESIDENT AND DIRECTOR OF THE OFFICE OF PUBLIC LIAISON
"Spicer, Sean M.",Employee,179700,Per Annum,ASSISTANT TO THE PRESIDENT AND PRESS SECRETARY
"House, Mark S.",Detailee,187100,Per Annum,SENIOR POLICY ADVISOR
"Kushner, Jared C.",Employee,0,Per Annum,ASSISTANT TO THE PRESIDENT AND SENIOR ADVISOR
"Trump, Ivanka M.",Employee,0,Per Annum,FIRST DAUGHTER AND ADVISOR TO THE PRESIDENT
